Season,League,Conference,Team,Games,W,L,MP,FG,FGA,FG%,3P,3PA,3P%,2P,2PA,2P%,FT,FTA,FT%,ORB,DRB,TRB,AST,STL,BLK,TOV,PF,PTS
2021-22,NBA,Western,Minnesota Timberwolves,82,46,36,241.2,41.6,91.0,.457,14.8,41.3,.358,26.8,49.7,.540,18.0,23.1,.778,11.2,32.9,44.2,25.7,8.8,5.6,14.3,21.8,115.9
2021-22,NBA,Western,Memphis Grizzlies,82,56,26,241.2,43.5,94.4,.461,11.5,32.7,.353,32.0,61.7,.519,17.0,23.1,.734,14.1,35.0,49.2,26.0,9.8,6.5,13.2,19.8,115.6
2021-22,NBA,Eastern,Milwaukee Bucks,82,51,31,240.9,41.8,89.4,.468,14.1,38.4,.366,27.8,51.0,.544,17.8,22.9,.776,10.2,36.5,46.7,23.9,7.6,4.0,13.4,18.2,115.5
2021-22,NBA,Eastern,Charlotte Hornets,82,43,39,242.4,42.8,91.4,.468,13.9,38.2,.365,28.8,53.3,.542,15.8,21.4,.740,10.8,33.7,44.6,28.1,8.6,4.9,13.3,19.9,115.3
2021-22,NBA,Western,Phoenix Suns,82,64,18,240.6,43.7,90.1,.485,11.6,31.9,.364,32.1,58.2,.551,15.9,19.9,.797,9.8,35.5,45.3,27.4,8.6,4.4,12.9,19.9,114.8
2021-22,NBA,Eastern,Atlanta Hawks,82,43,39,240.3,41.5,88.3,.470,12.9,34.4,.374,28.6,53.9,.531,18.1,22.3,.812,10.0,33.9,44.0,24.6,7.2,4.2,11.9,18.7,113.9
2021-22,NBA,Western,Utah Jazz,82,49,33,240.6,40.6,86.2,.471,14.5,40.3,.360,26.0,45.8,.568,17.9,23.4,.767,10.8,35.6,46.3,22.4,7.2,4.9,14.0,18.9,113.6
2021-22,NBA,Western,San Antonio Spurs,82,34,48,241.5,43.2,92.7,.467,11.3,32.0,.352,32.0,60.7,.527,15.4,20.4,.754,11.0,34.3,45.3,27.9,7.6,4.9,12.7,18.1,113.2
2021-22,NBA,Eastern,Brooklyn Nets,82,44,38,240.9,42.0,88.4,.475,11.5,31.7,.361,30.5,56.7,.538,17.5,21.7,.805,10.3,34.1,44.4,25.3,7.1,5.5,14.1,20.4,112.9
2021-22,NBA,Western,Denver Nuggets,82,48,34,241.5,41.7,86.3,.483,12.7,35.9,.353,29.0,50.4,.575,16.7,21.0,.795,9.2,34.9,44.1,27.8,7.2,3.7,14.5,20.0,112.7
2021-22,NBA,Western,Los Angeles Lakers,82,33,49,243.7,41.6,88.8,.469,12.0,34.5,.347,29.7,54.3,.546,16.8,23.0,.732,9.5,34.5,44.0,24.0,7.6,5.2,14.5,20.2,112.1
2021-22,NBA,Eastern,Boston Celtics,82,51,31,242.7,40.7,87.4,.466,13.2,37.1,.356,27.5,50.3,.547,17.0,20.9,.816,10.5,35.5,46.1,24.8,7.2,5.8,13.6,18.5,111.8
2021-22,NBA,Eastern,Chicago Bulls,82,46,36,240.6,41.7,86.9,.480,10.6,28.8,.369,31.1,58.1,.535,17.5,21.5,.813,8.7,33.7,42.3,23.9,7.1,4.1,12.8,18.8,111.6
2021-22,NBA,Eastern,Indiana Pacers,82,25,57,242.4,41.4,89.5,.463,12.2,35.4,.344,29.3,54.1,.541,16.4,21.4,.768,11.3,32.6,43.9,25.4,7.1,5.6,14.4,20.4,111.5
2021-22,NBA,Western,Golden State Warriors,82,53,29,240.6,40.5,86.4,.469,14.3,39.4,.364,26.2,47.0,.557,15.6,20.3,.769,9.8,35.7,45.5,27.1,8.8,4.5,14.9,21.0,111.0
2021-22,NBA,Western,Sacramento Kings,82,30,52,241.5,40.5,88.1,.460,11.4,33.2,.344,29.1,54.9,.530,17.9,23.3,.768,9.6,33.4,42.9,23.7,7.2,4.5,14.1,18.9,110.3
2021-22,NBA,Eastern,Miami Heat,82,53,29,242.1,39.6,84.8,.467,13.6,35.8,.379,26.0,49.0,.531,17.3,21.4,.808,9.8,33.9,43.7,25.5,7.4,3.2,14.6,20.5,110.0
2021-22,NBA,Eastern,Philadelphia 76ers,82,51,31,241.5,39.4,84.5,.466,11.6,31.8,.364,27.8,52.7,.527,19.6,23.8,.821,8.5,33.8,42.3,23.7,7.7,5.3,12.5,19.4,109.9
2021-22,NBA,Western,Houston Rockets,82,20,62,240.9,39.4,86.4,.456,13.5,38.7,.349,25.9,47.7,.543,17.5,24.5,.713,9.6,32.4,42.0,23.6,7.3,4.7,16.5,20.6,109.7
2021-22,NBA,Eastern,Toronto Raptors,82,48,34,242.1,40.6,91.3,.445,11.9,34.2,.349,28.7,57.1,.503,16.2,21.3,.759,13.4,32.0,45.3,22.1,9.0,4.6,12.5,19.6,109.4
2021-22,NBA,Western,New Orleans Pelicans,82,36,46,240.9,40.2,88.0,.457,10.6,32.1,.332,29.5,55.9,.528,18.3,23.2,.789,12.0,33.2,45.2,25.0,8.3,4.0,14.1,19.7,109.3
2021-22,NBA,Eastern,Washington Wizards,82,35,47,241.8,40.6,86.0,.472,10.5,30.6,.342,30.1,55.4,.543,17.0,21.7,.783,9.0,34.1,43.1,25.0,6.4,5.0,13.1,18.8,108.6
2021-22,NBA,Western,Los Angeles Clippers,82,42,40,241.2,40.1,87.4,.458,12.8,34.2,.374,27.3,53.3,.512,15.5,19.6,.793,9.1,34.9,44.0,24.0,7.4,5.0,13.7,18.6,108.4
2021-22,NBA,Western,Dallas Mavericks,82,52,30,240.9,39.3,85.1,.461,13.1,37.4,.350,26.2,47.8,.548,16.4,21.2,.771,9.3,33.8,43.0,23.4,6.7,4.0,12.5,19.7,108.0
2021-22,NBA,Eastern,Cleveland Cavaliers,82,44,38,240.6,39.7,84.6,.469,11.6,32.8,.355,28.1,51.9,.541,16.8,22.1,.760,10.2,34.0,44.2,25.2,7.1,4.2,14.4,17.5,107.8
2021-22,NBA,Eastern,New York Knicks,82,37,45,241.2,37.7,86.2,.437,13.2,36.9,.357,24.5,49.3,.497,18.0,24.1,.744,11.5,34.6,46.1,21.9,7.0,4.9,13.3,20.4,106.5
2021-22,NBA,Western,Portland Trail Blazers,82,27,55,240.6,38.5,87.1,.442,12.7,36.8,.346,25.8,50.3,.513,16.4,21.6,.760,10.4,32.5,42.9,22.9,8.0,4.5,14.5,21.1,106.2
2021-22,NBA,Eastern,Detroit Pistons,82,23,59,241.2,38.2,88.6,.431,11.3,34.6,.326,26.9,54.0,.498,17.2,22.0,.782,11.0,32.0,43.0,23.5,7.7,4.8,14.2,21.9,104.8
2021-22,NBA,Eastern,Orlando Magic,82,22,60,241.2,38.3,88.3,.434,12.2,36.9,.331,26.1,51.4,.507,15.5,19.7,.787,9.1,35.2,44.3,23.7,6.8,4.5,14.5,19.7,104.2
2021-22,NBA,Western,Oklahoma City Thunder,82,24,58,241.5,38.3,89.1,.430,12.1,37.4,.323,26.2,51.8,.507,15.0,19.9,.756,10.4,35.2,45.6,22.2,7.6,4.6,14.0,18.3,103.7
2020-21,NBA,Eastern,Milwaukee Bucks,72,46,26,240.7,44.7,91.8,.487,14.4,37.1,.389,30.3,54.7,.554,16.2,21.4,.760,10.3,37.8,48.1,25.5,8.1,4.6,13.8,17.3,120.1
2020-21,NBA,Eastern,Brooklyn Nets,72,48,24,241.7,43.1,87.3,.494,14.2,36.1,.392,29.0,51.2,.565,18.1,22.5,.804,8.9,35.5,44.4,26.8,6.7,5.3,13.5,19.0,118.6
2020-21,NBA,Eastern,Washington Wizards,72,34,38,241.7,43.2,90.9,.475,10.2,29.0,.351,33.0,61.9,.533,20.1,26.2,.769,9.7,35.5,45.2,25.5,7.3,4.1,14.4,21.6,116.6
2020-21,NBA,Western,Utah Jazz,72,52,20,241.0,41.3,88.1,.468,16.7,43.0,.389,24.5,45.1,.544,17.2,21.5,.799,10.6,37.6,48.3,23.7,6.6,5.2,14.2,18.5,116.4
2020-21,NBA,Western,Portland Trail Blazers,72,42,30,240.3,41.3,91.1,.453,15.7,40.8,.385,25.6,50.3,.509,17.8,21.6,.823,10.6,33.9,44.5,21.3,6.9,5.0,11.1,18.9,116.1
2020-21,NBA,Western,Phoenix Suns,72,51,21,242.8,43.3,88.3,.490,13.1,34.6,.378,30.3,53.7,.563,15.6,18.7,.834,8.8,34.2,42.9,26.9,7.2,4.3,12.5,19.1,115.3
2020-21,NBA,Eastern,Indiana Pacers,72,34,38,242.4,43.3,91.2,.474,12.3,34.0,.364,30.9,57.3,.540,16.4,20.7,.792,9.0,33.7,42.7,27.4,8.5,6.4,13.5,20.2,115.3
2020-21,NBA,Western,Denver Nuggets,72,47,25,242.8,43.3,89.2,.485,12.9,34.2,.377,30.4,55.0,.552,15.7,19.5,.803,10.5,33.9,44.4,26.8,8.1,4.5,13.5,19.1,115.1
2020-21,NBA,Western,New Orleans Pelicans,72,31,41,242.1,42.5,89.1,.477,10.6,30.4,.348,31.9,58.6,.544,19.0,26.1,.729,11.7,35.7,47.4,26.0,7.6,4.4,14.6,18.0,114.6
2020-21,NBA,Western,Los Angeles Clippers,72,47,25,240.0,41.8,86.7,.482,14.3,34.7,.411,27.5,52.0,.529,16.2,19.3,.839,9.4,34.7,44.2,24.4,7.1,4.1,13.2,19.2,114.0
2020-21,NBA,Eastern,Atlanta Hawks,72,41,31,241.7,40.8,87.2,.468,12.4,33.4,.373,28.4,53.9,.526,19.7,24.2,.812,10.6,35.1,45.6,24.1,7.0,4.8,13.2,19.3,113.7
2020-21,NBA,Western,Sacramento Kings,72,31,41,240.3,42.6,88.6,.481,12.1,33.3,.364,30.5,55.3,.551,16.4,22.0,.745,9.4,32.0,41.4,25.5,7.5,5.0,13.4,19.4,113.7
2020-21,NBA,Western,Golden State Warriors,72,39,33,240.3,41.3,88.2,.468,14.6,38.7,.376,26.7,49.4,.541,16.6,21.1,.785,8.0,35.1,43.0,27.7,8.2,4.8,15.0,21.2,113.7
2020-21,NBA,Eastern,Philadelphia 76ers,72,49,23,242.1,41.4,86.9,.476,11.3,30.1,.374,30.1,56.8,.531,19.6,25.5,.767,10.0,35.0,45.1,23.7,9.1,6.2,14.4,20.2,113.6
2020-21,NBA,Western,Memphis Grizzlies,72,38,34,241.7,42.8,91.8,.467,11.2,31.4,.356,31.7,60.4,.525,16.4,21.3,.771,11.2,35.3,46.5,26.9,9.1,5.1,13.3,18.7,113.3
2020-21,NBA,Eastern,Boston Celtics,72,36,36,241.4,41.5,88.9,.466,13.6,36.4,.374,27.9,52.5,.530,16.1,20.8,.775,10.6,33.6,44.3,23.5,7.7,5.3,14.1,20.4,112.6
2020-21,NBA,Western,Dallas Mavericks,72,42,30,240.3,41.1,87.3,.470,13.8,38.1,.362,27.3,49.2,.554,16.5,21.2,.778,9.1,34.2,43.3,22.9,6.3,4.3,12.1,19.4,112.4
2020-21,NBA,Western,Minnesota Timberwolves,72,23,49,241.7,40.7,90.9,.448,13.1,37.6,.349,27.6,53.3,.518,17.6,23.1,.761,10.5,33.0,43.5,25.6,8.8,5.5,14.3,20.9,112.1
2020-21,NBA,Eastern,Toronto Raptors,72,27,45,240.3,39.7,88.7,.448,14.5,39.3,.368,25.3,49.3,.512,17.4,21.3,.815,9.4,32.1,41.6,24.1,8.6,5.4,13.2,21.2,111.3
2020-21,NBA,Western,San Antonio Spurs,72,33,39,242.8,41.9,90.5,.462,9.9,28.4,.350,31.9,62.1,.514,17.4,22.0,.792,9.3,34.6,43.9,24.4,7.0,5.1,11.4,18.0,111.1
2020-21,NBA,Eastern,Chicago Bulls,72,31,41,241.4,42.2,88.6,.476,12.6,34.0,.370,29.6,54.6,.542,13.8,17.5,.791,9.6,35.3,45.0,26.8,6.7,4.2,15.1,18.9,110.7
2020-21,NBA,Western,Los Angeles Lakers,72,42,30,242.4,40.6,86.1,.472,11.1,31.2,.354,29.6,54.8,.539,17.2,23.3,.739,9.7,34.6,44.2,24.7,7.8,5.4,15.2,19.1,109.5
2020-21,NBA,Eastern,Charlotte Hornets,72,33,39,241.0,39.9,87.8,.455,13.7,37.0,.369,26.3,50.8,.517,15.9,20.9,.761,10.6,33.2,43.8,26.8,7.8,4.8,14.8,18.0,109.5
2020-21,NBA,Western,Houston Rockets,72,17,55,240.3,39.3,88.5,.444,13.8,40.6,.339,25.5,47.9,.532,16.5,22.3,.740,9.3,33.3,42.6,23.6,7.6,5.0,14.7,19.5,108.8
2020-21,NBA,Eastern,Miami Heat,72,40,32,241.4,39.2,83.7,.468,12.9,36.2,.358,26.3,47.5,.553,16.7,21.1,.790,8.0,33.5,41.5,26.3,7.9,4.0,14.1,18.9,108.1
2020-21,NBA,Eastern,New York Knicks,72,41,31,242.1,39.4,86.5,.456,11.8,30.0,.392,27.7,56.4,.490,16.4,20.9,.784,9.7,35.5,45.1,21.4,7.0,5.1,12.9,20.5,107.0
2020-21,NBA,Eastern,Detroit Pistons,72,20,52,242.1,38.7,85.6,.452,11.6,32.9,.351,27.1,52.7,.515,17.8,23.4,.759,9.6,33.1,42.7,24.2,7.4,5.2,14.9,20.5,106.6
2020-21,NBA,Western,Oklahoma City Thunder,72,22,50,241.0,38.8,88.0,.441,11.9,35.1,.339,26.9,52.9,.509,15.5,21.3,.725,9.9,35.7,45.6,22.1,7.0,4.4,16.1,18.1,105.0
2020-21,NBA,Eastern,Orlando Magic,72,21,51,240.7,38.3,89.2,.429,10.9,31.8,.343,27.4,57.4,.476,16.6,21.4,.775,10.4,35.1,45.4,21.8,6.9,4.4,12.8,17.2,104.0
2020-21,NBA,Eastern,Cleveland Cavaliers,72,22,50,242.1,38.6,85.8,.450,10.0,29.7,.336,28.6,56.0,.510,16.7,22.4,.743,10.4,32.3,42.8,23.8,7.8,4.5,15.5,18.2,103.8
2019-20,NBA,Eastern,Milwaukee Bucks,73,56,17,241.0,43.3,90.9,.476,13.8,38.9,.355,29.5,52.0,.567,18.3,24.7,.742,9.5,42.2,51.7,25.9,7.2,5.9,15.1,19.6,118.7
2019-20,NBA,Western,Houston Rockets,72,44,28,241.4,40.8,90.4,.451,15.6,45.3,.345,25.1,45.2,.557,20.6,26.1,.791,9.8,34.5,44.3,21.6,8.7,5.2,14.7,21.8,117.8
2019-20,NBA,Western,Dallas Mavericks,75,43,32,242.3,41.7,90.3,.461,15.1,41.3,.367,26.5,49.0,.541,18.6,23.8,.779,10.5,36.4,46.9,24.7,6.1,4.8,12.7,19.5,117.0
2019-20,NBA,Western,Los Angeles Clippers,72,49,23,241.4,41.6,89.2,.466,12.4,33.5,.371,29.1,55.8,.522,20.8,26.3,.791,10.7,37.0,47.7,23.7,7.1,4.7,14.6,22.1,116.3
2019-20,NBA,Western,New Orleans Pelicans,72,30,42,242.1,42.6,91.6,.465,13.6,36.9,.370,28.9,54.8,.528,17.1,23.4,.729,11.1,35.4,46.5,26.8,7.5,5.0,16.4,21.2,115.8
2019-20,NBA,Western,Portland Trail Blazers,74,35,39,241.0,42.2,91.2,.463,12.9,34.1,.377,29.3,57.1,.514,17.7,22.1,.804,10.2,35.1,45.3,20.6,6.3,6.1,12.8,21.7,115.0
2019-20,NBA,Eastern,Washington Wizards,72,25,47,241.0,41.5,90.9,.457,12.0,32.6,.368,29.5,58.3,.506,19.4,24.6,.788,10.2,31.9,42.0,25.0,8.0,4.3,14.2,22.7,114.4
2019-20,NBA,Western,San Antonio Spurs,71,32,39,242.5,42.2,89.4,.472,10.7,28.5,.376,31.5,61.0,.516,19.0,23.4,.810,9.0,35.6,44.6,24.7,7.3,5.5,12.6,19.4,114.1
2019-20,NBA,Eastern,Boston Celtics,72,48,24,242.1,41.3,89.6,.461,12.6,34.5,.364,28.7,55.0,.522,18.6,23.2,.801,10.7,35.4,46.1,23.0,8.3,5.6,13.8,21.6,113.7
2019-20,NBA,Western,Phoenix Suns,73,34,39,241.0,41.2,88.1,.468,11.4,31.8,.358,29.8,56.3,.529,19.9,23.8,.834,9.8,33.8,43.5,27.2,7.7,4.0,14.8,22.0,113.6
2019-20,NBA,Western,Los Angeles Lakers,71,52,19,240.7,42.3,88.3,.480,11.0,31.6,.349,31.3,56.7,.552,17.7,24.3,.729,10.7,35.1,45.7,25.4,8.6,6.6,15.2,20.7,113.4
2019-20,NBA,Western,Minnesota Timberwolves,64,19,45,243.1,40.4,91.6,.441,13.3,39.7,.336,27.1,52.0,.521,19.1,25.4,.753,10.5,34.3,44.8,23.8,8.7,5.7,15.3,21.4,113.3
2019-20,NBA,Eastern,Toronto Raptors,72,53,19,241.4,40.2,87.9,.458,13.8,37.0,.374,26.4,50.9,.519,18.5,23.2,.796,9.5,35.9,45.4,25.2,8.8,5.0,14.8,21.7,112.8
2019-20,NBA,Western,Memphis Grizzlies,73,34,39,240.7,42.5,90.9,.468,10.9,31.5,.347,31.6,59.4,.532,16.6,21.8,.763,10.3,36.2,46.5,26.9,7.9,5.5,15.2,21.2,112.6
2019-20,NBA,Eastern,Miami Heat,73,44,29,243.1,39.5,84.4,.468,13.4,35.4,.379,26.0,49.0,.532,19.7,25.2,.783,8.5,35.9,44.4,25.9,7.5,4.5,14.9,20.6,112.0
2019-20,NBA,Eastern,Atlanta Hawks,67,20,47,243.0,40.6,90.6,.449,12.0,36.1,.333,28.6,54.5,.525,18.5,23.4,.790,9.9,33.4,43.3,24.0,7.8,5.1,16.2,23.1,111.8
2019-20,NBA,Eastern,Brooklyn Nets,72,35,37,242.8,40.4,90.3,.448,13.1,38.1,.343,27.3,52.1,.524,17.9,24.1,.745,10.6,37.3,47.9,24.5,6.4,4.5,15.3,21.0,111.8
2019-20,NBA,Western,Denver Nuggets,73,46,27,243.1,42.0,88.9,.473,11.0,30.6,.359,31.1,58.3,.533,16.2,20.9,.777,10.8,33.4,44.1,26.7,8.0,4.6,13.8,20.3,111.3
2019-20,NBA,Western,Utah Jazz,72,44,28,241.0,40.1,85.1,.471,13.4,35.2,.380,26.7,49.9,.535,17.8,22.8,.779,9.1,35.8,44.9,22.4,6.1,4.1,15.1,20.4,111.3
2019-20,NBA,Eastern,Philadelphia 76ers,73,43,30,241.0,41.1,87.9,.468,11.6,31.6,.368,29.5,56.3,.524,16.9,22.4,.755,10.5,35.0,45.4,25.8,8.0,5.3,14.2,20.9,110.7
2019-20,NBA,Western,Oklahoma City Thunder,72,44,28,242.1,40.0,85.5,.468,10.7,30.2,.355,29.3,55.3,.529,19.8,24.8,.796,8.2,34.7,42.9,21.7,7.6,4.9,13.7,19.3,110.4
2019-20,NBA,Western,Sacramento Kings,72,31,41,242.4,40.9,88.4,.462,12.7,34.9,.364,28.2,53.5,.527,15.7,20.3,.770,9.7,32.9,42.6,23.8,7.7,4.1,14.5,22.2,110.1
2019-20,NBA,Eastern,Indiana Pacers,73,45,28,241.4,42.1,88.5,.476,10.2,28.0,.363,31.9,60.4,.529,15.0,19.1,.787,8.7,34.1,42.8,25.9,7.4,5.2,13.2,19.8,109.4
2019-20,NBA,Eastern,Orlando Magic,73,33,40,240.7,39.3,88.6,.444,11.1,32.2,.343,28.3,56.4,.502,17.6,22.7,.774,10.3,34.2,44.5,23.9,8.2,5.4,12.8,18.3,107.3
2019-20,NBA,Eastern,Detroit Pistons,66,20,46,241.9,39.3,85.7,.459,12.0,32.7,.367,27.3,53.0,.515,16.6,22.4,.743,9.8,32.0,41.7,24.1,7.4,4.5,15.3,19.7,107.2
2019-20,NBA,Eastern,Cleveland Cavaliers,65,19,46,241.9,40.3,87.9,.458,11.2,31.8,.351,29.1,56.1,.519,15.1,19.9,.758,10.8,33.4,44.2,23.1,6.9,3.2,16.5,18.3,106.9
2019-20,NBA,Eastern,Chicago Bulls,65,22,43,241.2,39.6,88.6,.447,12.2,35.1,.348,27.4,53.5,.511,15.5,20.5,.755,10.5,31.4,41.9,23.2,10.0,4.1,15.5,21.8,106.8
2019-20,NBA,Western,Golden State Warriors,65,15,50,241.9,38.6,88.2,.438,10.4,31.3,.334,28.2,56.9,.495,18.7,23.2,.803,10.0,32.9,42.8,25.6,8.2,4.6,14.9,20.1,106.3
2019-20,NBA,Eastern,New York Knicks,66,21,45,241.9,40.0,89.3,.447,9.6,28.4,.337,30.4,61.0,.499,16.3,23.5,.694,12.0,34.5,46.5,22.1,7.6,4.7,14.3,22.2,105.8
2019-20,NBA,Eastern,Charlotte Hornets,65,23,42,242.3,37.3,85.9,.434,12.1,34.3,.352,25.2,51.6,.489,16.2,21.6,.748,11.0,31.8,42.8,23.8,6.6,4.1,14.6,18.8,102.9
2018-19,NBA,Eastern,Milwaukee Bucks,82,60,22,241.2,43.4,91.1,.476,13.5,38.2,.353,29.9,52.9,.565,17.9,23.2,.773,9.3,40.4,49.7,26.0,7.5,5.9,13.9,19.6,118.1
2018-19,NBA,Western,Golden State Warriors,82,57,25,241.5,44.0,89.8,.491,13.3,34.4,.385,30.8,55.3,.557,16.3,20.4,.801,9.7,36.5,46.2,29.4,7.6,6.4,14.3,21.4,117.7
2018-19,NBA,Western,New Orleans Pelicans,82,33,49,240.9,43.7,92.2,.473,10.3,29.9,.344,33.4,62.4,.536,17.8,23.4,.761,11.1,36.2,47.3,27.0,7.4,5.4,14.8,21.1,115.4
2018-19,NBA,Eastern,Philadelphia 76ers,82,51,31,241.5,41.5,88.2,.471,10.8,30.2,.359,30.7,58.0,.529,21.2,27.5,.771,10.9,36.9,47.8,26.9,7.4,5.3,14.9,21.3,115.2
2018-19,NBA,Western,Los Angeles Clippers,82,48,34,241.8,41.3,87.5,.471,10.0,25.8,.388,31.3,61.7,.507,22.6,28.5,.792,9.7,35.8,45.5,24.0,6.8,4.7,14.5,23.3,115.1
2018-19,NBA,Western,Portland Trail Blazers,82,53,29,242.1,42.3,90.6,.467,11.0,30.7,.359,31.3,59.8,.523,19.0,23.3,.814,11.8,36.2,48.0,23.0,6.7,5.0,13.8,20.4,114.7
2018-19,NBA,Western,Oklahoma City Thunder,82,49,33,242.1,42.6,94.0,.454,11.4,32.6,.348,31.3,61.3,.510,17.8,25.0,.713,12.6,35.5,48.1,23.4,9.3,5.2,14.0,22.4,114.5
2018-19,NBA,Eastern,Toronto Raptors,82,58,24,242.4,42.2,89.1,.474,12.4,33.8,.366,29.8,55.3,.539,17.7,22.0,.804,9.6,35.6,45.2,25.4,8.3,5.3,14.0,21.0,114.4
2018-19,NBA,Western,Sacramento Kings,82,39,43,240.6,43.2,93.1,.464,11.3,29.9,.378,31.9,63.2,.504,16.5,22.7,.726,11.0,34.4,45.4,25.4,8.3,4.4,13.4,21.4,114.2
2018-19,NBA,Eastern,Washington Wizards,82,32,50,243.0,42.1,90.1,.468,11.3,33.3,.341,30.8,56.8,.543,18.4,23.9,.768,9.7,32.7,42.4,26.3,8.3,4.6,14.1,20.7,114.0
2018-19,NBA,Western,Houston Rockets,82,53,29,241.8,39.2,87.4,.449,16.1,45.4,.356,23.1,42.0,.551,19.3,24.4,.791,10.2,31.9,42.1,21.2,8.5,4.9,13.3,22.0,113.9
2018-19,NBA,Eastern,Atlanta Hawks,82,29,53,242.1,41.4,91.8,.451,13.0,37.0,.352,28.4,54.8,.518,17.6,23.4,.752,11.6,34.5,46.1,25.8,8.2,5.1,17.0,23.6,113.3
2018-19,NBA,Western,Minnesota Timberwolves,82,36,46,241.8,41.6,91.3,.456,10.1,28.7,.351,31.5,62.5,.504,19.1,24.3,.787,11.3,33.5,44.8,24.6,8.3,5.0,13.1,20.3,112.5
2018-19,NBA,Eastern,Boston Celtics,82,49,33,241.2,42.1,90.5,.465,12.6,34.5,.365,29.5,56.0,.527,15.6,19.5,.802,9.8,34.7,44.5,26.3,8.6,5.3,12.8,20.4,112.4
2018-19,NBA,Eastern,Brooklyn Nets,82,42,40,243.7,40.3,89.7,.449,12.8,36.2,.353,27.5,53.6,.513,19.0,25.5,.745,11.0,35.6,46.6,23.8,6.6,4.1,15.1,21.5,112.2
2018-19,NBA,Western,Los Angeles Lakers,82,37,45,241.2,42.6,90.5,.470,10.3,31.0,.333,32.2,59.6,.541,16.3,23.3,.699,10.2,36.4,46.6,25.6,7.5,5.4,15.7,20.7,111.8
2018-19,NBA,Western,San Antonio Spurs,82,48,34,241.5,42.3,88.4,.478,9.9,25.3,.392,32.4,63.1,.513,17.2,21.0,.819,9.2,35.5,44.7,24.5,6.1,4.7,12.1,18.1,111.7
2018-19,NBA,Western,Utah Jazz,82,50,32,240.9,40.4,86.4,.468,12.1,34.0,.356,28.3,52.4,.541,18.8,25.5,.736,10.0,36.4,46.4,26.0,8.1,5.9,15.1,21.1,111.7
2018-19,NBA,Western,Denver Nuggets,82,54,28,240.6,41.9,90.0,.466,11.0,31.4,.351,30.9,58.7,.527,15.8,20.9,.755,11.9,34.5,46.4,27.4,7.7,4.4,13.4,20.0,110.7
2018-19,NBA,Eastern,Charlotte Hornets,82,39,43,241.8,40.2,89.8,.448,11.9,33.9,.351,28.3,55.8,.507,18.4,23.1,.797,9.9,33.9,43.8,23.2,7.2,4.9,12.2,18.9,110.7
2018-19,NBA,Western,Dallas Mavericks,82,33,49,241.2,38.8,86.9,.447,12.5,36.6,.340,26.3,50.2,.524,18.8,25.3,.742,10.1,35.2,45.3,23.4,6.5,4.3,14.2,20.1,108.9
2018-19,NBA,Eastern,Indiana Pacers,82,48,34,240.3,41.3,87.0,.475,9.5,25.4,.374,31.8,61.6,.517,15.8,21.1,.752,9.3,33.7,43.0,26.0,8.7,4.9,13.7,19.4,108.0
2018-19,NBA,Western,Phoenix Suns,82,19,63,242.4,40.1,87.4,.459,9.6,29.3,.329,30.5,58.1,.525,17.6,22.7,.779,9.1,31.3,40.4,23.9,9.0,5.1,15.6,23.6,107.5
2018-19,NBA,Eastern,Orlando Magic,82,42,40,241.2,40.4,89.1,.454,11.4,32.1,.356,29.0,57.0,.509,15.0,19.2,.782,10.0,35.4,45.4,25.5,6.6,5.4,13.2,18.6,107.3
2018-19,NBA,Eastern,Detroit Pistons,82,41,41,242.1,38.8,88.3,.440,12.1,34.8,.348,26.7,53.5,.500,17.3,23.1,.747,11.4,33.6,45.0,22.5,6.9,4.0,13.8,22.1,107.0
2018-19,NBA,Eastern,Miami Heat,82,39,43,240.6,39.6,88.0,.450,11.3,32.4,.349,28.3,55.6,.509,15.1,21.7,.695,11.2,35.1,46.3,24.3,7.6,5.5,14.7,20.9,105.7
2018-19,NBA,Eastern,Chicago Bulls,82,22,60,242.7,39.8,87.9,.453,9.1,25.9,.351,30.7,62.0,.496,16.2,20.7,.783,8.8,34.1,42.9,21.9,7.4,4.3,14.1,20.3,104.9
2018-19,NBA,Eastern,New York Knicks,82,17,65,241.2,38.2,88.3,.433,10.0,29.5,.340,28.2,58.8,.479,18.1,23.9,.759,10.5,34.3,44.7,20.1,6.8,5.1,14.0,20.9,104.6
2018-19,NBA,Eastern,Cleveland Cavaliers,82,19,63,240.9,38.9,87.6,.444,10.3,29.1,.355,28.6,58.5,.488,16.4,20.7,.792,10.7,31.9,42.7,20.7,6.5,2.4,13.5,20.0,104.5
2018-19,NBA,Western,Memphis Grizzlies,82,33,49,242.4,38.0,84.4,.450,9.9,28.9,.342,28.1,55.6,.505,17.7,23.0,.772,8.8,33.0,41.8,23.9,8.3,5.5,14.0,22.0,103.5
2017-18,NBA,Western,Golden State Warriors,82,58,24,240.6,42.8,85.1,.503,11.3,28.9,.391,31.5,56.2,.560,16.6,20.3,.815,8.4,35.1,43.5,29.3,8.0,7.5,15.5,19.6,113.5
2017-18,NBA,Western,Houston Rockets,82,65,17,240.9,38.7,84.2,.460,15.3,42.3,.362,23.4,41.9,.558,19.6,25.1,.781,9.0,34.5,43.5,21.5,8.5,4.8,13.8,19.5,112.4
2017-18,NBA,Western,New Orleans Pelicans,82,48,34,243.4,42.7,88.3,.483,10.2,28.2,.362,32.5,60.1,.540,16.1,20.9,.772,8.7,35.7,44.3,26.8,8.0,5.9,14.9,19.1,111.7
2017-18,NBA,Eastern,Toronto Raptors,82,59,23,241.8,41.3,87.4,.472,11.8,33.0,.358,29.5,54.4,.541,17.3,21.8,.794,9.8,34.2,44.0,24.3,7.6,6.1,13.4,21.7,111.7
2017-18,NBA,Eastern,Cleveland Cavaliers,82,50,32,240.6,40.4,84.8,.476,12.0,32.1,.372,28.4,52.6,.540,18.1,23.3,.779,8.5,33.7,42.1,23.4,7.1,3.8,13.7,18.6,110.9
2017-18,NBA,Western,Denver Nuggets,82,46,36,242.4,40.7,86.6,.470,11.5,30.9,.371,29.2,55.7,.525,17.1,22.3,.767,11.0,33.5,44.5,25.1,7.6,4.9,15.0,18.7,110.0
2017-18,NBA,Eastern,Philadelphia 76ers,82,52,30,241.2,40.8,86.6,.472,11.0,29.8,.369,29.9,56.7,.526,17.1,22.8,.752,10.9,36.5,47.4,27.1,8.3,5.1,16.5,22.1,109.8
2017-18,NBA,Western,Minnesota Timberwolves,82,47,35,241.5,41.0,86.1,.476,8.0,22.5,.357,33.0,63.6,.519,19.4,24.1,.804,10.3,31.6,42.0,22.7,8.4,4.2,12.5,18.2,109.5
2017-18,NBA,Western,Los Angeles Clippers,82,42,40,240.3,40.3,85.4,.471,9.5,26.8,.354,30.8,58.6,.525,19.0,25.5,.743,10.1,33.7,43.9,22.3,7.7,4.5,14.7,20.0,109.0
2017-18,NBA,Eastern,Charlotte Hornets,82,36,46,241.2,39.0,86.7,.450,10.0,27.2,.369,28.9,59.4,.487,20.2,27.0,.747,10.1,35.4,45.5,21.6,6.8,4.5,12.7,17.2,108.2
2017-18,NBA,Western,Los Angeles Lakers,82,35,47,242.7,40.7,88.4,.461,10.0,29.1,.345,30.7,59.3,.517,16.6,23.3,.714,10.7,35.7,46.4,23.8,7.7,4.7,15.8,21.2,108.1
2017-18,NBA,Western,Oklahoma City Thunder,82,48,34,241.8,39.9,88.1,.453,10.7,30.4,.354,29.1,57.7,.505,17.3,24.2,.716,12.5,32.6,45.1,21.3,9.1,5.0,14.0,20.2,107.9
2017-18,NBA,Eastern,Washington Wizards,82,43,39,242.1,39.9,85.6,.467,9.9,26.5,.375,30.0,59.1,.508,16.8,21.8,.772,10.0,33.1,43.1,25.2,7.9,4.3,14.6,21.3,106.6
2017-18,NBA,Eastern,Brooklyn Nets,82,28,54,242.1,38.2,86.8,.441,12.7,35.7,.356,25.5,51.1,.500,17.4,22.6,.772,9.7,34.8,44.4,23.7,6.2,4.8,15.2,20.6,106.6
2017-18,NBA,Eastern,Milwaukee Bucks,82,44,38,241.8,39.7,83.0,.478,8.8,24.7,.355,31.0,58.3,.531,18.3,23.4,.783,8.4,31.5,39.8,23.2,8.8,5.4,13.8,21.4,106.5
2017-18,NBA,Eastern,Indiana Pacers,82,48,34,240.9,40.8,86.4,.472,9.0,24.5,.369,31.8,61.9,.513,14.9,19.2,.779,9.6,32.7,42.3,22.2,8.8,4.1,13.3,18.8,105.6
2017-18,NBA,Western,Portland Trail Blazers,82,49,33,240.9,39.3,87.0,.452,10.3,28.1,.366,29.0,58.8,.493,16.7,20.9,.800,10.2,35.3,45.5,19.5,7.0,5.2,13.5,19.5,105.6
2017-18,NBA,Eastern,New York Knicks,82,29,53,241.8,40.7,87.7,.464,8.2,23.3,.352,32.5,64.4,.504,14.9,19.0,.787,10.5,33.6,44.0,23.3,6.7,5.1,14.7,20.5,104.5
2017-18,NBA,Western,Utah Jazz,82,48,34,240.9,38.3,82.9,.462,10.8,29.6,.366,27.5,53.3,.515,16.8,21.5,.779,9.0,34.2,43.3,22.4,8.6,5.1,14.7,19.6,104.1
2017-18,NBA,Eastern,Boston Celtics,82,55,27,241.5,38.3,85.1,.450,11.5,30.4,.377,26.9,54.7,.491,16.0,20.7,.771,9.4,35.1,44.5,22.5,7.4,4.5,14.0,19.7,104.0
2017-18,NBA,Western,Phoenix Suns,82,21,61,240.3,38.5,87.1,.442,9.3,27.9,.334,29.1,59.2,.492,17.7,23.9,.741,10.3,33.9,44.1,21.3,6.9,4.5,15.7,22.0,103.9
2017-18,NBA,Eastern,Detroit Pistons,82,39,43,241.5,39.1,86.9,.450,10.8,28.9,.373,28.3,58.0,.488,14.7,19.8,.745,10.1,33.6,43.7,22.8,7.7,3.9,13.5,18.4,103.8
2017-18,NBA,Eastern,Miami Heat,82,44,38,243.0,38.8,85.3,.455,11.0,30.6,.360,27.8,54.8,.508,14.7,19.5,.755,9.3,34.2,43.5,22.7,7.6,5.3,14.4,20.1,103.4
2017-18,NBA,Eastern,Orlando Magic,82,25,57,240.6,38.8,85.9,.452,10.3,29.3,.351,28.5,56.5,.504,15.5,20.5,.757,8.8,32.8,41.6,23.4,7.6,4.9,14.5,19.3,103.4
2017-18,NBA,Eastern,Atlanta Hawks,82,24,58,240.3,38.2,85.5,.446,11.2,31.0,.360,27.0,54.5,.495,15.8,20.2,.785,9.1,32.8,41.9,23.7,7.8,4.2,15.6,19.6,103.4
2017-18,NBA,Eastern,Chicago Bulls,82,27,55,242.1,38.7,88.8,.435,11.0,31.1,.355,27.6,57.8,.478,14.6,19.2,.759,9.6,35.0,44.7,23.5,7.6,3.5,14.0,19.2,102.9
2017-18,NBA,Western,San Antonio Spurs,82,47,35,240.6,39.0,85.4,.457,8.5,24.1,.352,30.6,61.2,.499,16.1,20.9,.772,10.4,33.9,44.2,22.8,7.7,5.6,13.1,17.2,102.7
2017-18,NBA,Western,Dallas Mavericks,82,24,58,241.5,38.1,85.9,.444,11.8,32.8,.360,26.4,53.1,.496,14.2,18.7,.763,8.1,33.1,41.3,22.7,7.0,3.8,12.3,19.2,102.3
2017-18,NBA,Western,Memphis Grizzlies,82,22,60,240.3,36.7,82.8,.444,9.2,26.2,.352,27.5,56.5,.486,16.6,21.1,.786,9.5,31.0,40.5,21.5,7.5,4.8,15.0,23.2,99.3
2017-18,NBA,Western,Sacramento Kings,82,27,55,240.9,38.8,86.1,.450,9.0,24.0,.375,29.8,62.1,.479,12.3,16.7,.735,9.5,31.4,40.9,21.6,7.8,4.1,13.7,20.0,98.8
2016-17,NBA,Western,Golden State Warriors,82,67,15,241.2,43.1,87.1,.495,12.0,31.2,.383,31.1,55.8,.557,17.8,22.6,.788,9.4,35.0,44.4,30.4,9.6,6.8,14.8,19.3,115.9
2016-17,NBA,Western,Houston Rockets,82,55,27,241.2,40.3,87.2,.462,14.4,40.3,.357,25.9,46.9,.552,20.3,26.5,.766,10.9,33.5,44.4,25.2,8.2,4.3,15.1,19.9,115.3
2016-17,NBA,Western,Denver Nuggets,82,40,42,240.9,41.2,87.7,.469,10.6,28.8,.368,30.6,58.9,.519,18.7,24.2,.774,11.8,34.6,46.4,25.3,6.9,3.9,15.0,19.1,111.7
2016-17,NBA,Eastern,Cleveland Cavaliers,82,51,31,242.4,39.9,84.9,.470,13.0,33.9,.384,26.9,51.0,.528,17.5,23.3,.748,9.3,34.4,43.7,22.7,6.6,4.0,13.7,18.1,110.3
2016-17,NBA,Eastern,Washington Wizards,82,49,33,242.1,41.3,87.0,.475,9.2,24.8,.372,32.1,62.3,.515,17.3,22.1,.784,10.3,32.6,42.9,23.9,8.5,4.1,14.2,21.3,109.2
2016-17,NBA,Western,Los Angeles Clippers,82,51,31,240.9,39.5,83.2,.475,10.3,27.4,.375,29.3,55.8,.525,19.3,26.0,.745,9.0,34.0,43.0,22.5,7.5,4.2,13.0,19.8,108.7
2016-17,NBA,Eastern,Boston Celtics,82,53,29,240.9,38.6,85.1,.454,12.0,33.4,.359,26.6,51.7,.515,18.7,23.2,.807,9.1,32.9,42.0,25.2,7.5,4.1,13.3,20.6,108.0
2016-17,NBA,Western,Portland Trail Blazers,82,41,41,243.0,39.5,86.1,.459,10.4,27.7,.375,29.2,58.4,.499,18.5,23.7,.780,10.1,33.5,43.7,21.1,7.0,5.0,13.7,21.2,107.9
2016-17,NBA,Western,Phoenix Suns,82,24,58,241.8,39.9,88.5,.450,7.5,22.6,.332,32.4,65.9,.491,20.4,26.3,.776,11.9,33.1,45.0,19.6,8.2,4.9,15.4,24.8,107.7
2016-17,NBA,Eastern,Toronto Raptors,82,51,31,241.2,39.2,84.4,.464,8.8,24.3,.363,30.3,60.0,.505,19.7,24.7,.796,10.6,32.6,43.3,18.5,8.3,4.9,12.7,20.8,106.9
2016-17,NBA,Western,Oklahoma City Thunder,82,47,35,241.5,39.5,87.4,.452,8.4,25.8,.327,31.0,61.6,.504,19.2,25.8,.745,12.2,34.4,46.6,21.0,7.9,5.0,15.0,20.9,106.6
2016-17,NBA,Eastern,Brooklyn Nets,82,20,62,240.9,37.8,85.2,.444,10.7,31.6,.338,27.1,53.6,.506,19.4,24.6,.788,8.8,35.1,43.9,21.4,7.2,4.7,16.5,21.0,105.8
2016-17,NBA,Western,Minnesota Timberwolves,82,31,51,241.5,39.5,84.4,.467,7.3,21.0,.349,32.1,63.4,.507,19.3,24.2,.799,11.4,31.0,42.4,23.7,8.0,4.5,14.0,20.1,105.6
2016-17,NBA,Western,San Antonio Spurs,82,61,21,241.5,39.3,83.7,.469,9.2,23.5,.391,30.1,60.2,.500,17.6,22.0,.797,10.0,33.9,43.9,23.8,8.0,5.9,13.4,18.3,105.3
2016-17,NBA,Eastern,Indiana Pacers,82,42,40,242.1,39.3,84.5,.465,8.6,23.0,.376,30.6,61.5,.498,17.9,22.1,.810,9.0,33.0,42.0,22.5,8.2,5.0,13.8,19.5,105.1
2016-17,NBA,Eastern,Charlotte Hornets,82,36,46,241.8,37.7,85.4,.442,10.0,28.6,.351,27.7,56.7,.488,19.4,23.8,.815,8.8,34.8,43.6,23.1,7.0,4.8,11.5,16.6,104.9
2016-17,NBA,Western,Los Angeles Lakers,82,26,56,240.3,39.3,87.4,.450,8.9,25.7,.346,30.4,61.6,.493,17.0,22.6,.754,11.4,32.1,43.5,20.9,8.2,3.9,15.2,20.7,104.6
2016-17,NBA,Western,New Orleans Pelicans,82,34,48,242.7,39.1,87.0,.450,9.4,26.8,.350,29.8,60.2,.495,16.7,22.3,.750,8.6,35.1,43.7,22.8,7.8,5.5,12.9,18.2,104.3
2016-17,NBA,Eastern,New York Knicks,82,31,51,242.1,39.6,88.5,.447,8.6,24.7,.348,31.0,63.8,.485,16.6,21.1,.788,12.0,33.2,45.2,21.8,7.1,5.5,13.9,20.3,104.3
2016-17,NBA,Eastern,Milwaukee Bucks,82,42,40,241.2,38.8,81.9,.474,8.8,23.7,.370,30.0,58.2,.516,17.2,22.4,.768,8.8,31.6,40.4,24.2,8.1,5.3,14.0,20.2,103.6
2016-17,NBA,Eastern,Atlanta Hawks,82,43,39,242.4,38.1,84.4,.451,8.9,26.1,.341,29.2,58.3,.501,18.1,24.9,.728,10.3,34.1,44.3,23.6,8.2,4.8,15.8,18.2,103.2
2016-17,NBA,Eastern,Miami Heat,82,41,41,241.2,39.0,85.8,.455,9.9,27.0,.365,29.2,58.8,.496,15.2,21.6,.706,10.6,33.0,43.6,21.2,7.2,5.7,13.4,20.5,103.2
2016-17,NBA,Eastern,Chicago Bulls,82,41,41,241.2,38.6,87.1,.444,7.6,22.3,.340,31.0,64.8,.479,18.0,22.5,.798,12.2,34.1,46.3,22.6,7.8,4.8,13.6,17.7,102.9
2016-17,NBA,Western,Sacramento Kings,82,32,50,242.4,37.9,82.1,.461,9.0,23.9,.376,28.9,58.2,.496,18.1,23.3,.775,8.7,32.3,41.1,22.5,7.6,4.0,14.6,20.3,102.8
2016-17,NBA,Eastern,Philadelphia 76ers,82,28,54,241.8,37.7,85.3,.442,10.1,29.8,.340,27.5,55.5,.496,17.0,22.0,.771,9.8,33.0,42.8,23.8,8.4,5.1,16.7,21.9,102.4
2016-17,NBA,Eastern,Detroit Pistons,82,37,45,241.5,39.9,88.8,.449,7.7,23.4,.330,32.2,65.5,.492,13.9,19.3,.719,11.1,34.6,45.7,21.1,7.0,3.8,11.9,17.9,101.3
2016-17,NBA,Eastern,Orlando Magic,82,29,53,241.5,38.3,87.0,.440,8.5,26.1,.328,29.7,60.9,.488,16.0,21.4,.747,9.8,33.3,43.2,22.2,7.1,4.8,13.3,19.3,101.1
2016-17,NBA,Western,Utah Jazz,82,51,31,240.9,37.0,79.5,.466,9.6,26.0,.372,27.3,53.5,.511,17.1,22.9,.747,9.4,33.8,43.2,20.1,6.7,5.0,13.6,18.8,100.7
2016-17,NBA,Western,Memphis Grizzlies,82,43,39,242.7,36.4,83.6,.435,9.4,26.5,.354,27.0,57.1,.473,18.3,23.4,.784,10.8,32.0,42.8,21.3,8.0,4.2,12.9,22.4,100.5
2016-17,NBA,Western,Dallas Mavericks,82,33,49,241.2,36.2,82.3,.440,10.7,30.2,.355,25.5,52.2,.489,14.8,18.5,.801,7.9,30.7,38.6,20.8,7.5,3.7,11.9,19.1,97.9
2015-16,NBA,Western,Golden State Warriors,82,73,9,242.4,42.5,87.3,.487,13.1,31.6,.416,29.4,55.7,.528,16.7,21.8,.763,10.0,36.2,46.2,28.9,8.4,6.1,15.2,20.7,114.9
2015-16,NBA,Western,Oklahoma City Thunder,82,55,27,241.8,41.1,86.4,.476,8.3,23.7,.349,32.9,62.6,.524,19.7,25.2,.782,13.1,35.6,48.6,23.0,7.4,5.9,15.9,20.6,110.2
2015-16,NBA,Western,Sacramento Kings,82,33,49,241.5,40.0,86.4,.464,8.0,22.4,.359,32.0,64.0,.500,18.5,25.5,.725,10.6,33.7,44.2,24.5,8.9,4.5,16.2,20.4,106.6
2015-16,NBA,Western,Houston Rockets,82,41,41,241.8,37.7,83.5,.452,10.7,30.9,.347,27.0,52.6,.514,20.4,29.4,.694,11.3,31.7,43.1,22.2,10.0,5.2,15.9,21.8,106.5
2015-16,NBA,Eastern,Boston Celtics,82,48,34,241.2,39.2,89.2,.439,8.7,26.1,.335,30.5,63.1,.483,18.5,23.5,.788,11.6,33.3,44.9,24.2,9.2,4.2,13.7,21.9,105.7
2015-16,NBA,Western,Portland Trail Blazers,82,44,38,241.5,38.6,85.9,.450,10.5,28.5,.370,28.1,57.4,.490,17.4,23.0,.754,11.6,33.9,45.5,21.3,6.9,4.6,14.6,21.7,105.1
2015-16,NBA,Western,Los Angeles Clippers,82,53,29,241.8,38.3,82.4,.465,9.7,26.7,.364,28.6,55.7,.513,18.2,26.2,.692,8.8,33.3,42.0,22.8,8.6,5.6,13.0,21.3,104.5
2015-16,NBA,Eastern,Cleveland Cavaliers,82,57,25,242.1,38.7,84.0,.460,10.7,29.6,.362,27.9,54.4,.514,16.3,21.7,.748,10.6,33.9,44.5,22.7,6.7,3.9,13.6,20.3,104.3
2015-16,NBA,Eastern,Washington Wizards,82,41,41,240.9,39.5,85.8,.460,8.6,24.2,.358,30.8,61.6,.501,16.5,22.5,.730,9.1,32.8,41.8,24.5,8.6,3.9,14.5,20.8,104.1
2015-16,NBA,Western,San Antonio Spurs,82,67,15,240.3,40.1,82.9,.484,7.0,18.5,.375,33.2,64.4,.515,16.4,20.4,.803,9.4,34.5,43.9,24.5,8.3,5.9,13.1,17.5,103.5
2015-16,NBA,Eastern,Charlotte Hornets,82,48,34,242.1,37.0,84.4,.439,10.6,29.4,.362,26.4,55.0,.479,18.7,23.7,.790,9.0,35.0,43.9,21.7,7.3,5.3,12.6,18.1,103.4
2015-16,NBA,Eastern,Atlanta Hawks,82,48,34,241.8,38.6,84.4,.458,9.9,28.4,.350,28.7,56.1,.512,15.6,20.0,.783,8.3,33.8,42.1,25.6,9.1,5.9,15.0,19.1,102.8
2015-16,NBA,Eastern,Toronto Raptors,82,56,26,241.2,36.7,81.3,.451,8.6,23.4,.370,28.0,58.0,.483,20.8,26.7,.777,10.2,33.2,43.4,18.7,7.8,5.5,13.1,19.6,102.7
2015-16,NBA,Western,New Orleans Pelicans,82,30,52,241.2,38.5,85.9,.448,8.6,23.8,.360,29.9,62.1,.482,17.3,22.2,.776,9.5,33.1,42.6,22.2,7.7,4.2,13.4,20.9,102.7
2015-16,NBA,Western,Minnesota Timberwolves,82,29,53,242.4,37.7,81.3,.464,5.5,16.4,.338,32.2,64.9,.496,21.4,27.0,.792,10.0,31.5,41.6,23.4,8.0,4.6,15.0,20.7,102.4
2015-16,NBA,Western,Dallas Mavericks,82,42,40,244.0,37.4,84.1,.444,9.8,28.6,.344,27.5,55.6,.495,17.7,22.3,.794,9.2,33.9,43.1,22.1,6.8,3.7,12.8,19.5,102.3
2015-16,NBA,Eastern,Indiana Pacers,82,45,37,242.4,38.3,85.2,.450,8.1,23.0,.351,30.2,62.1,.486,17.4,22.8,.764,10.3,33.9,44.2,21.2,9.0,4.8,14.9,20.0,102.2
2015-16,NBA,Eastern,Orlando Magic,82,35,47,242.7,39.5,86.8,.455,7.8,22.2,.350,31.8,64.7,.492,15.2,20.1,.757,10.3,33.0,43.3,23.6,8.2,5.1,14.1,20.7,102.1
2015-16,NBA,Eastern,Detroit Pistons,82,44,38,242.4,37.9,86.4,.439,9.0,26.2,.345,28.9,60.2,.480,17.1,25.5,.668,12.5,33.9,46.3,19.4,7.0,3.7,13.5,19.0,102.0
2015-16,NBA,Western,Denver Nuggets,82,33,49,241.8,37.7,85.4,.442,8.0,23.7,.338,29.7,61.7,.482,18.5,24.1,.766,11.5,33.1,44.6,22.7,7.4,4.8,14.7,21.0,101.9
2015-16,NBA,Eastern,Chicago Bulls,82,42,40,242.7,38.6,87.4,.441,7.9,21.4,.371,30.7,66.1,.464,16.5,21.0,.787,11.1,35.2,46.3,22.8,6.0,5.7,13.9,18.8,101.6
2015-16,NBA,Western,Phoenix Suns,82,23,59,240.3,37.2,85.6,.435,9.0,25.8,.348,28.2,59.8,.472,17.5,23.2,.751,11.5,33.3,44.8,20.7,7.7,3.8,17.2,22.7,100.9
2015-16,NBA,Eastern,Miami Heat,82,48,34,241.8,38.4,81.7,.470,6.1,18.0,.336,32.3,63.6,.508,17.1,23.0,.744,9.8,34.3,44.1,20.8,6.7,6.5,14.1,18.3,100.0
2015-16,NBA,Western,Memphis Grizzlies,82,42,40,241.8,36.8,83.6,.440,6.1,18.5,.331,30.7,65.1,.471,19.3,24.7,.783,11.2,30.5,41.6,20.7,8.8,4.3,13.3,21.7,99.1
2015-16,NBA,Eastern,Milwaukee Bucks,82,33,49,241.8,38.4,82.2,.467,5.4,15.6,.345,33.0,66.6,.495,17.0,22.7,.747,10.5,31.2,41.7,23.1,8.2,5.8,15.2,20.7,99.0
2015-16,NBA,Eastern,Brooklyn Nets,82,21,61,240.9,38.2,84.4,.453,6.5,18.4,.352,31.8,66.0,.481,15.7,20.7,.757,10.5,31.9,42.4,22.3,7.6,4.0,14.8,18.0,98.6
2015-16,NBA,Eastern,New York Knicks,82,32,50,241.5,36.9,84.0,.439,7.4,21.5,.346,29.4,62.5,.471,17.2,21.4,.805,10.4,34.0,44.4,20.5,5.7,5.7,13.4,19.7,98.4
2015-16,NBA,Western,Utah Jazz,82,40,42,243.4,36.1,80.4,.449,8.5,23.9,.355,27.6,56.5,.488,17.1,23.0,.744,10.7,32.5,43.2,19.0,7.7,5.2,14.9,20.2,97.7
2015-16,NBA,Eastern,Philadelphia 76ers,82,10,72,241.5,36.2,84.0,.431,9.3,27.5,.339,26.9,56.5,.476,15.7,22.6,.694,9.5,31.8,41.2,21.5,8.3,6.0,16.4,21.7,97.4
2015-16,NBA,Western,Los Angeles Lakers,82,17,65,240.6,35.1,84.8,.414,7.8,24.6,.317,27.3,60.2,.454,19.3,24.7,.781,10.7,32.3,43.0,18.0,7.2,4.1,13.7,20.3,97.3
